{"cameraMode":{"drawMode":0,"name":"Shaded","section":"Shading Mode"},"sceneLighting":true,"audioPlay":false,"sceneViewState":{"showFog":true,"showMaterialUpdate":true,"showSkybox":true,"showFlares":true,"showImageEffects":true,"showParticleSystems":true},"in2DMode":false,"pivot":{"x":438.8034362792969,"y":-275.860595703125,"z":53.163211822509769},"rotation":{"x":0.2040749192237854,"y":0.6384806036949158,"z":-0.18105241656303407,"w":0.719684362411499},"size":605.4041748046875,"orthographic":false}